"source"	"destination"	"product_destination"	"length"	"sha256"
"c:\windows\inf\oem59.inf"	"c:\windows\inf\oem59.inf"	"False"	"693662"	"1ca553b7c9518e953b0ac35950750b4dbcd64a4c5c48c7638c49405f499a9dfb"
"c:\windows\system32\drivers\nvidia corporation\drs\dbinstaller.exe"	"c:\windows\system32\drivers\nvidia corporation\drs\dbinstaller.exe"	"False"	"831208"	"d88256ad1a1ff8cd5b74391431ddac96f404d8a8613145d0e68eab82e3b74f6a"
"c:\windows\system32\drivers\nvidia corporation\drs\nvdrsdb.bin"	"c:\windows\system32\drivers\nvidia corporation\drs\nvdrsdb.bin"	"False"	"1495976"	"71d7aac8886d9d42e720999e89e731e7eb0eb3f7b6d2c765e304d0b59f671ea7"
"c:\windows\system32\drivers\nvidia corporation\license.txt"	"c:\windows\system32\drivers\nvidia corporation\license.txt"	"False"	"55339"	"9006e6f9ac1be55664f872c0f80f5837c566e9ba92590139102a0d184e1041d8"
"c:\windows\system32\lxss\lib\libcuda.so"	"c:\windows\system32\lxss\lib\libcuda.so"	"False"	"188024"	"be76168f25c9ccf6ccb3164a2afe4b386806d8cbd4d98a6c90df1f62f2e75681"
"c:\windows\system32\lxss\lib\libcuda.so.1"	"c:\windows\system32\lxss\lib\libcuda.so.1"	"False"	"188024"	"be76168f25c9ccf6ccb3164a2afe4b386806d8cbd4d98a6c90df1f62f2e75681"
"c:\windows\system32\lxss\lib\libcuda.so.1.1"	"c:\windows\system32\lxss\lib\libcuda.so.1.1"	"False"	"188024"	"be76168f25c9ccf6ccb3164a2afe4b386806d8cbd4d98a6c90df1f62f2e75681"
"c:\windows\system32\lxss\lib\libcudadebugger.so.1"	"c:\windows\system32\lxss\lib\libcudadebugger.so.1"	"False"	"12198904"	"de63fbee008abfbc8e92cbc8a5083d63d41b4982d6f13db34fd6951a1ecb6978"
"c:\windows\system32\lxss\lib\libnvcuvid.so"	"c:\windows\system32\lxss\lib\libnvcuvid.so"	"False"	"27446016"	"642b7f958bfd67c91c8a66ee8d276fc49678b934ccac53a2a83247bb0ff0c843"
"c:\windows\system32\lxss\lib\libnvcuvid.so.1"	"c:\windows\system32\lxss\lib\libnvcuvid.so.1"	"False"	"27446016"	"642b7f958bfd67c91c8a66ee8d276fc49678b934ccac53a2a83247bb0ff0c843"
"c:\windows\system32\lxss\lib\libnvdxdlkernels.so"	"c:\windows\system32\lxss\lib\libnvdxdlkernels.so"	"False"	"154232352"	"4a490cb2d3750ae705951ce0a2067d2a46c11d5fecce61a8509b88baa4001c07"
"c:\windows\system32\lxss\lib\libnvidia-encode.so"	"c:\windows\system32\lxss\lib\libnvidia-encode.so"	"False"	"272512"	"29ce9a1cc38f556b74ecffafec75917c78869f1a6e19243b2ad3e971dc82a909"
"c:\windows\system32\lxss\lib\libnvidia-encode.so.1"	"c:\windows\system32\lxss\lib\libnvidia-encode.so.1"	"False"	"272512"	"29ce9a1cc38f556b74ecffafec75917c78869f1a6e19243b2ad3e971dc82a909"
"c:\windows\system32\lxss\lib\libnvidia-gpucomp.so"	"c:\windows\system32\lxss\lib\libnvidia-gpucomp.so"	"False"	"117883752"	"b1bebad2833fda2ecd503ade1d5149c59d48cd3f65f6a1ea702bf19d67d28f4e"
"c:\windows\system32\lxss\lib\libnvidia-ml.so.1"	"c:\windows\system32\lxss\lib\libnvidia-ml.so.1"	"False"	"291000"	"7cec8343ad7e445956292814b5c937d5058909db7b326377b479af2f6082f476"
"c:\windows\system32\lxss\lib\libnvidia-ngx.so.1"	"c:\windows\system32\lxss\lib\libnvidia-ngx.so.1"	"False"	"5484728"	"25f4226a379fc44b41cd155fc3f33330f8a2694c1ca52ab472e41a9f39ebd6dc"
"c:\windows\system32\lxss\lib\libnvidia-opticalflow.so"	"c:\windows\system32\lxss\lib\libnvidia-opticalflow.so"	"False"	"67608"	"a8037232557c9693f5735d22cc90718d4941598a95cdd686f31f6554f54f4be0"
"c:\windows\system32\lxss\lib\libnvidia-opticalflow.so.1"	"c:\windows\system32\lxss\lib\libnvidia-opticalflow.so.1"	"False"	"67608"	"a8037232557c9693f5735d22cc90718d4941598a95cdd686f31f6554f54f4be0"
"c:\windows\system32\lxss\lib\libnvoptix.so.1"	"c:\windows\system32\lxss\lib\libnvoptix.so.1"	"False"	"14224"	"27220ad592e1d4510086f0318b154117db3419e9915d36d605f51382c7a3f559"
"c:\windows\system32\lxss\lib\libnvwgf2umx.so"	"c:\windows\system32\lxss\lib\libnvwgf2umx.so"	"False"	"58435480"	"d37c2d2c98aa3c5cd8e7836eec090056445097e70d590d0ec92a7419b15d588d"
"c:\windows\system32\lxss\lib\nvidia-ngx-updater"	"c:\windows\system32\lxss\lib\nvidia-ngx-updater"	"False"	"6174848"	"3bfd37c490e149224e92bff6ce5bfad2be61a8832d52a310a0c6a247a9f3c843"
"c:\windows\system32\lxss\lib\nvidia-smi"	"c:\windows\system32\lxss\lib\nvidia-smi"	"False"	"848736"	"2053db04fbdb0862d099dd24828c7196a16ff00a722360d5d6b2a5d74044fdcb"
"c:\windows\system32\mcu.exe"	"c:\windows\system32\mcu.exe"	"False"	"853736"	"6cb8cc212214f2bec3da0b9350cafb45b6c68e2382bd6cef9684d2caa8a3f414"
"c:\windows\system32\nvapi64.dll"	"c:\windows\system32\nvapi64.dll"	"False"	"574040"	"11f66428948436b666dfc987a8d3df4a0ca6293d10e4f9ddf7e40a10d759ef73"
"c:\windows\system32\nvcpl.dll"	"c:\windows\system32\nvcpl.dll"	"False"	"5926120"	"f0e63e4627876a11774cd3ed35cce7ab4b75b2303674d1bea1ae58421bfed54f"
"c:\windows\system32\nvcuda.dll"	"c:\windows\system32\nvcuda.dll"	"True"	"4790504"	"f2b550e83f56b7b819efe382d712d125ee180341f012bd0aba2288320609a45a"
"c:\windows\system32\nvcudadebugger.dll"	"c:\windows\system32\nvcudadebugger.dll"	"False"	"6052584"	"f5e8ddb94b03e25b092d6d85d6165a53be471d9b89eaca7f4587d754665f1c1b"
"c:\windows\system32\nvcuvid.dll"	"c:\windows\system32\nvcuvid.dll"	"False"	"32279784"	"b28bc3f70e60f59ad4b7de9404331350e36dd3a6f66329398238dd6dc6bea06f"
"c:\windows\system32\nvdebugdump.exe"	"c:\windows\system32\nvdebugdump.exe"	"False"	"470760"	"8639307ffa53983d269acf551403f9f8a7dd063932effab92d4cb5355d816bd9"
"c:\windows\system32\nvencodeapi64.dll"	"c:\windows\system32\nvencodeapi64.dll"	"False"	"1077992"	"06a9f8e8dfcc64c71f00735dd0063e8a69ea4fc1f2ca7b1469ca47bdaf12f00e"
"c:\windows\system32\nvfbc64.dll"	"c:\windows\system32\nvfbc64.dll"	"False"	"2343144"	"d68e931a078c7408f17d9ee221395d72451b6b055ac89ac5a5bc391922743087"
"c:\windows\system32\nvidia-pcc.exe"	"c:\windows\system32\nvidia-pcc.exe"	"False"	"28185320"	"7b653820724587f59700c36bed4a97a4fdcbf5b7a2707aab4b5bd4ae55b386ee"
"c:\windows\system32\nvidia-smi.exe"	"c:\windows\system32\nvidia-smi.exe"	"False"	"1701608"	"db001c00200843a7cf20a44346ef2580a1f0d737f0bcf6324707cd724f3aa5f1"
"c:\windows\system32\nvifr64.dll"	"c:\windows\system32\nvifr64.dll"	"False"	"1594600"	"cf8b4d5d546f09a0ab9ad8484e9941ccd0c6abc8a07497a4ce82035b361cebb6"
"c:\windows\system32\nvinfo.pb"	"c:\windows\system32\nvinfo.pb"	"False"	"176631"	"a021434d05ab38357f07fab333802973105f4e7783c2486929560f4f78f0c4ca"
"c:\windows\system32\nvml.dll"	"c:\windows\system32\nvml.dll"	"False"	"1499368"	"ac08344786840363012b31409a62529d6c53ef2658c68d190ba8c3f1fe7c24a2"
"c:\windows\system32\nvofapi64.dll"	"c:\windows\system32\nvofapi64.dll"	"False"	"685800"	"a3376fd0054ffcba9d089e281a45620a4553e659df21c05d311d1c9f1d132ef5"
"c:\windows\system32\opencl.dll"	"c:\windows\system32\opencl.dll"	"False"	"540904"	"094178f8dd1cd93068a3a7e72dc558ac8dbde193e534c7c478f45db3d082298b"
"c:\windows\system32\vulkan-1.dll"	"c:\windows\system32\vulkan-1.dll"	"False"	"1730096"	"7dbdb28b2a403c163b993b1f34699e6976f6868c3337e35725066c99632f86ff"
"c:\windows\system32\vulkan-1-999-0-0-0.dll"	"c:\windows\system32\vulkan-1-999-0-0-0.dll"	"False"	"1730096"	"7dbdb28b2a403c163b993b1f34699e6976f6868c3337e35725066c99632f86ff"
"c:\windows\system32\vulkaninfo.exe"	"c:\windows\system32\vulkaninfo.exe"	"False"	"3082800"	"692ca13759b40a66585b9d28826caa0227e176ad1479bf4edd6b29efdb98c151"
"c:\windows\system32\vulkaninfo-1-999-0-0-0.exe"	"c:\windows\system32\vulkaninfo-1-999-0-0-0.exe"	"False"	"3082800"	"692ca13759b40a66585b9d28826caa0227e176ad1479bf4edd6b29efdb98c151"
"c:\windows\syswow64\nvapi.dll"	"c:\windows\syswow64\nvapi.dll"	"False"	"442640"	"e8ef450efef1e2acb17e06cb62f828e7fd758ab86355419874a940508bd3de47"
"c:\windows\syswow64\nvcuda.dll"	"c:\windows\syswow64\nvcuda.dll"	"False"	"8488168"	"cbd610b239ae131e5a6fa9e230b10f697581fdcd17f6717c16346c147ffa8d10"
"c:\windows\syswow64\nvcuvid.dll"	"c:\windows\syswow64\nvcuvid.dll"	"False"	"20934376"	"5f0f77c51640da6ca67bdc10ecec4d358d397ecdc974aa58db83e8a42fa3003d"
"c:\windows\syswow64\nvencodeapi.dll"	"c:\windows\syswow64\nvencodeapi.dll"	"False"	"828136"	"2b1dd9b8a707a99b61da57b64b6e047415dc1bf68b33af140999e6b54a8f20ad"
"c:\windows\syswow64\nvfbc.dll"	"c:\windows\syswow64\nvfbc.dll"	"False"	"1734888"	"e0b844916d7d1d2680df47b12b160a8672c01e160872c32dd1b8ba80aad8fa77"
"c:\windows\syswow64\nvifr.dll"	"c:\windows\syswow64\nvifr.dll"	"False"	"1240808"	"fe801aaf3597042a82707ea2060ce33435b4b6c1ae7047b68416beb989d634fe"
"c:\windows\syswow64\nvofapi.dll"	"c:\windows\syswow64\nvofapi.dll"	"False"	"513768"	"dc215789a8f39c960ddac1d4918287d757cc75ad657e46ded8864ac1bf3e7888"
"c:\windows\syswow64\opencl.dll"	"c:\windows\syswow64\opencl.dll"	"False"	"418024"	"8a20c69c6a0716b509e32e9ba31bd7ecbc7697938f68459f1f6cb983da71065e"
"c:\windows\syswow64\vulkan-1.dll"	"c:\windows\syswow64\vulkan-1.dll"	"False"	"1542192"	"2867d8da9e8ddc6ea4233923792f4e580cbfa107a794845551b42392c2dea377"
"c:\windows\syswow64\vulkan-1-999-0-0-0.dll"	"c:\windows\syswow64\vulkan-1-999-0-0-0.dll"	"False"	"1542192"	"2867d8da9e8ddc6ea4233923792f4e580cbfa107a794845551b42392c2dea377"
"c:\windows\syswow64\vulkaninfo.exe"	"c:\windows\syswow64\vulkaninfo.exe"	"False"	"2626608"	"f90ba8981ad0bff77ede62cf83e741f159f988c88698a9aa5a4eaac71bf4bcab"
"c:\windows\syswow64\vulkaninfo-1-999-0-0-0.exe"	"c:\windows\syswow64\vulkaninfo-1-999-0-0-0.exe"	"False"	"2626608"	"f90ba8981ad0bff77ede62cf83e741f159f988c88698a9aa5a4eaac71bf4bcab"
